#ID,StaID,year,Jan,Feb,Mar,Api,May,Jun,July,Aug,Sep,Oct,Nov,Dec
3,148,1985,250.354657805,276.540787716,232.478227243,230.051505395,242.400439735,222.5589154,225.615834875,238.489342048,251.143023799,260.775290821,269.810196631,242.603551575,
4,148,1986,230.788018131,222.404178694,205.3283473,219.638877375,239.779102229,210.460644966,201.011424192,231.879047316,249.374663092,262.460521702,267.566308627,230.586499325,
5,148,1987,256.089381205,230.686149294,209.793024314,215.744944629,234.519302101,225.938636672,212.308823315,236.615934022,257.361299405,258.18203054,226.335972549,245.268697516,
26,99,1985,169.808268273,162.322302645,190.969734147,204.889506248,213.193952851,236.019774222,233.560096482,242.496021777,219.782502668,196.72755654,182.445687802,159.180540833,
27,99,1986,147.180812829,183.962880617,167.143321461,196.164578312,232.309564764,226.74627174,249.003964072,231.371665976,214.713640945,172.887802194,173.852244912,150.768126348,
28,99,1987,156.479551625,160.811459209,187.278873415,194.481610867,224.5112649,246.016958878,239.500719531,214.623700899,198.711972488,193.381587677,182.995908483,185.681259406,
47,109,1983,248.813795634,252.888029963,273.472568604,227.919348816,215.727673485,218.268469846,229.586472209,233.410948671,254.079317409,237.387759012,208.124984926,226.027634173,
48,109,1984,282.267311257,304.821590134,273.244963866,214.252723097,229.820449083,225.488007169,220.760665392,250.554981835,259.714861165,228.696563571,205.382317965,216.506667129,
49,109,1985,238.923244693,286.081390327,235.123062001,221.156408235,233.591160646,231.677886943,223.54708105,245.328237164,261.854631119,246.019414806,202.119472291,211.963732317,
50,109,1986,275.211962642,298.275283578,239.425448673,218.928364282,209.058237365,234.430019181,236.082466749,243.003203988,256.300776821,234.16704245,201.286733661,201.386782836,
51,109,1987,248.968120806,292.728836888,280.866636081,236.416081264,214.694790042,238.014066981,228.006381575,216.348956759,273.766065212,275.728703057,250.553295874,241.209646793,
52,109,1988,261.739076413,290.641980448,272.275602655,240.037990173,261.825896768,213.923496063,246.455109615,244.126093854,261.694956008,262.006307872,213.823493352,210.291245709,
53,109,1989,256.338491902,273.224780694,250.928150058,210.644600571,232.928657616,230.420651207,240.289470508,253.426226555,263.3011724,253.075958197,203.575684616,220.083426798,
54,109,1990,249.013920535,253.856530651,218.085562988,219.246891437,235.322987772,242.659666198,241.326933924,254.409128556,270.499309966,255.210424676,225.94604428,226.655488713,
55,109,1991,253.509661713,301.635163041,280.74138378,258.971836902,218.541170722,239.963296789,222.237009685,257.414984652,283.325377913,279.47790866,224.108751663,240.565264526,
56,109,1992,274.654599858,308.148840847,280.22583814,226.113950067,229.200758843,242.349369719,233.415528644,256.618666763,260.585049369,268.891799234,215.907294711,203.005902805,
57,109,1993,222.330401305,270.34022276,275.702417995,227.581479572,224.6984464,229.703553573,242.654528664,246.876865376,257.047916422,258.963612864,220.923891642,204.811806013,
58,109,1994,269.201246095,303.307606979,273.833191684,233.779795789,227.909405628,240.240670566,230.530145746,250.115503571,252.61672631,238.307736168,198.252083475,216.028756918,
70,140,1983,243.491867179,264.413033824,258.579492532,247.393127881,221.622895064,202.163094873,203.530210132,196.163224233,231.44537035,218.961333449,221.732555545,225.683140563,
71,140,1984,247.141309026,290.697324648,271.594779734,232.907961449,215.016383788,195.602011617,194.570588456,225.851803042,243.356392909,254.147472715,233.551394534,241.156280153,
72,140,1985,256.889084291,226.766951313,260.133098976,219.935387472,225.050506922,197.83869778,189.796464579,217.474435306,234.705335288,249.659099319,225.051164048,243.968184356,
73,140,1986,233.632380402,270.758443977,268.568214195,207.154999777,215.35530178,195.163522361,194.817508731,226.444411703,233.754897994,231.036929699,222.553153927,227.806256674,
74,140,1987,238.705397289,251.945985019,246.296801857,224.725640818,184.084043656,197.233331571,215.398711957,218.724170507,235.16666467,263.702092604,229.529886313,263.645340766,
75,140,1988,248.362369614,284.534322288,250.302884199,232.400334516,209.900155853,220.619562403,207.221070863,224.536554316,229.671659704,234.183570178,216.586325468,241.47747564,
76,140,1989,215.398114569,249.501253826,216.237444377,233.501393178,196.22535256,203.36189281,188.733711748,215.207946131,247.64313466,249.174418714,226.572810246,209.675538054,
77,140,1990,259.964834756,214.429976581,216.674931349,211.485158342,208.259131667,216.770281074,199.587650022,223.770902332,246.19721068,264.171639386,267.305601969,255.329902228,
78,140,1991,256.158279927,288.847999736,289.853140206,254.037958263,223.917262334,211.274864574,191.592809584,201.267106154,262.072126729,250.031072767,264.410667505,254.115612034,
79,140,1992,258.080872879,278.151646027,286.659903482,253.956886106,239.03635011,196.620557754,188.242260748,208.616767808,247.376254995,238.659995819,254.845387564,240.441007871,
80,140,1993,223.18128061,258.712041498,288.467997112,248.122983062,220.397652761,201.440235766,194.709580675,232.315737771,251.922263035,261.859549612,248.707566814,254.630162028,
93,154,1983,249.539820896,257.385065481,267.597857338,204.592996151,191.579866183,196.375695147,201.444132062,206.697360924,231.559570978,236.008390666,228.127584915,233.969904488,
94,154,1984,271.617082211,304.281132738,255.835093147,205.012966386,200.600222281,191.89121141,188.234295578,222.439125878,243.481293415,224.229098747,215.102951913,220.196930473,
95,154,1985,235.049583306,264.82927086,240.848625455,216.430971462,196.043945809,201.880371157,199.452242129,220.435089061,238.944750653,233.50453942,216.419654282,225.911740947,
96,154,1986,258.272435222,297.290909443,247.657452053,198.315048145,187.726117721,214.313630099,212.000571229,229.654972673,236.584810119,230.39035701,217.799527089,211.209629831,
97,154,1987,245.347552701,284.374994851,276.691293873,234.95781127,183.005559614,210.881849802,206.388909709,190.314200641,247.088592874,251.474560732,255.849530018,246.174735624,
98,154,1988,255.110063531,279.686170394,261.792243924,213.115449462,233.093138381,183.60004009,216.847974671,224.526398724,230.855848193,252.010019298,224.489831955,207.86824094,
99,154,1989,246.615408665,269.62216978,243.079072234,202.863936921,192.002020202,205.231696597,205.940868886,215.815688616,241.066001587,235.480100754,208.299269487,214.862855133,
100,154,1990,255.091544511,250.882243653,226.54656501,212.248141994,207.754139878,211.723024874,210.091319937,225.086748446,239.79024683,245.643857032,230.303158309,232.504313175,
116,168,1983,254.274716309,259.729264847,266.182645727,193.619859105,179.644855186,192.006852405,193.172900218,202.017425185,229.480502258,234.753677234,232.24230554,237.525755585,
123,168,1990,258.968989354,253.793036866,219.875734985,206.550456635,201.403111435,202.168239045,204.976485907,220.06152258,234.397919545,242.703912719,229.030284289,236.600202811,
124,168,1991,252.554040421,300.088383887,266.193996094,246.288571182,186.222890979,218.006528587,197.984858653,229.688625517,252.839160325,263.044567805,240.707555653,240.633366731,
125,168,1992,273.230029172,302.466481575,280.251127555,201.061213143,197.266201173,205.999412887,194.02995253,219.461347007,230.551930487,262.717199311,228.961352378,225.193680856,
126,168,1993,232.139309252,275.229244216,269.068426882,204.351425815,191.562741067,197.898575947,205.998417241,216.485559428,233.117020616,235.661507505,249.229803197,228.933925642,
139,174,1983,280.50899994,271.414105494,288.343740457,257.422206406,251.901294725,226.252225422,225.758013163,243.856074585,280.877986449,251.150975694,231.034042325,223.256949726,
140,174,1984,276.243850438,316.185882954,292.996196359,245.669830124,271.51313674,250.254933874,216.745024847,245.568984432,276.259342694,240.166806888,233.091093987,259.720104902,
141,174,1985,280.309870686,228.967407804,264.573283092,241.508606181,237.272662303,227.971819374,216.488148108,254.913921216,279.313129202,269.68871451,225.063715829,238.62753775,
142,174,1986,252.810120642,316.524235193,267.166941631,235.367698928,224.648066698,216.033841352,224.472235567,265.249924299,274.467113028,254.104659925,221.993673736,241.607905302,
143,174,1987,261.161601575,290.295790316,296.662165934,240.95571053,217.304378922,200.101722106,245.322064157,242.313221122,281.67409857,314.005925741,268.049655066,286.144556971,
144,174,1988,285.678992774,303.499289486,255.092540157,229.873928563,233.375503664,237.284006033,236.294937663,253.487956624,273.344037308,277.645322131,217.568039331,232.495949746,
145,174,1989,213.756094737,275.313682132,252.426796827,236.139119022,235.137996695,238.584864351,224.346385878,240.648898813,269.150096427,273.355281473,234.488045446,222.985138294,
146,174,1990,255.769977881,256.696334284,246.290031463,218.594198842,238.691059983,249.219309085,234.747305098,236.10357445,287.008811124,274.849746528,251.302904677,254.350584555,
147,174,1991,286.879941308,315.165732748,296.65798422,277.791894538,231.723726498,233.969101333,234.659289967,247.205030387,292.575422969,278.160469513,251.444060768,250.667091605,
148,174,1992,278.944640517,303.932038555,286.068688725,248.015161208,250.915604915,239.058539746,227.556747718,251.963223923,275.878468169,262.967903042,258.111525509,246.954326656,
149,174,1993,217.196052608,277.452849483,308.504183569,270.408155231,254.472252529,233.540694655,247.870719485,269.458720221,299.637137083,286.847881498,253.451316842,250.808672505,
162,175,1983,280.50899994,271.414105494,288.343740457,257.422206406,251.901294725,226.252225422,225.758013163,243.856074585,280.877986449,251.150975694,231.034042325,223.256949726,
163,175,1984,276.243850438,316.185882954,292.996196359,245.669830124,271.51313674,250.254933874,216.745024847,245.568984432,276.259342694,240.166806888,233.091093987,259.720104902,
164,175,1985,280.309870686,228.967407804,264.573283092,241.508606181,237.272662303,227.971819374,216.488148108,254.913921216,279.313129202,269.68871451,225.063715829,238.62753775,
165,175,1986,252.810120642,316.524235193,267.166941631,235.367698928,224.648066698,216.033841352,224.472235567,265.249924299,274.467113028,254.104659925,221.993673736,241.607905302,
166,175,1987,261.161601575,290.295790316,296.662165934,240.95571053,217.304378922,200.101722106,245.322064157,242.313221122,281.67409857,314.005925741,268.049655066,286.144556971,
167,175,1988,285.678992774,303.499289486,255.092540157,229.873928563,233.375503664,237.284006033,236.294937663,253.487956624,273.344037308,277.645322131,217.568039331,232.495949746,
168,175,1989,213.756094737,275.313682132,252.426796827,236.139119022,235.137996695,238.584864351,224.346385878,240.648898813,269.150096427,273.355281473,234.488045446,222.985138294,
169,175,1990,255.769977881,256.696334284,246.290031463,218.594198842,238.691059983,249.219309085,234.747305098,236.10357445,287.008811124,274.849746528,251.302904677,254.350584555,
170,175,1991,286.879941308,315.165732748,296.65798422,277.791894538,231.723726498,233.969101333,234.659289967,247.205030387,292.575422969,278.160469513,251.444060768,250.667091605,
171,175,1992,278.944640517,303.932038555,286.068688725,248.015161208,250.915604915,239.058539746,227.556747718,251.963223923,275.878468169,262.967903042,258.111525509,246.954326656,
172,175,1993,217.196052608,277.452849483,308.504183569,270.408155231,254.472252529,233.540694655,247.870719485,269.458720221,299.637137083,286.847881498,253.451316842,250.808672505,
174,175,1995,281.385965177,288.625771488,268.39079003,246.160378405,226.047945357,228.298165672,225.876893328,259.031715069,268.17599594,257.999229885,233.36867353,264.083026867,
175,175,1996,277.805621181,278.404739309,267.544888956,255.352397196,253.665181661,184.330101038,217.683720152,233.002733699,273.772032452,286.5027905,230.279083582,270.948406174,
176,175,1997,295.130662838,328.138306725,296.245786663,213.162570081,220.951232089,224.409171332,213.150343545,259.17030903,300.60527033,243.221449651,198.631929165,210.021823828,
177,175,1998,196.153466899,247.309836381,271.569490319,215.178879898,177.844129338,217.443138825,216.654022777,237.816285168,278.694593912,280.078084233,234.185156575,273.492083271,
179,175,2000,290.350365955,302.602500589,268.555270794,257.420148737,248.767199388,245.638347789,242.54321541,252.854526466,276.970473088,298.996757314,261.709976991,271.407399106,
182,175,2003,279.743148827,294.151053582,301.816029298,247.040031887,198.364199883,242.463570346,255.041762197,239.914310993,289.244262685,275.75200118,228.357015004,265.355263674,
185,176,1983,273.614746891,270.206621254,294.495639645,272.697106186,253.476008869,217.524210982,208.245590878,196.869734828,248.441715984,239.241652371,236.540158703,227.982884323,
186,176,1984,285.80285117,313.930181092,308.28753094,280.847738715,263.941844226,228.418333539,197.381497012,232.41490414,255.726275647,260.319683087,261.306879641,265.865631953,
187,176,1985,282.77389608,239.396041549,287.244347844,255.001564638,241.74211842,205.222025553,182.943033028,218.312570338,255.918050394,264.592001242,241.869521317,253.820104221,
188,176,1986,264.672847719,312.964173934,292.879904875,238.133617548,245.309319884,182.915453626,185.637849229,232.041935046,250.0390844,262.521654383,247.193739758,242.969352015,
189,176,1987,261.101862799,282.295352923,300.789717121,262.400119161,226.12998661,187.723814459,235.226410084,235.506983203,276.039583649,303.131676283,258.05247041,277.832503631,
190,176,1988,280.489485273,302.424334838,266.867650362,242.106153247,220.934704361,234.509033669,197.507944088,227.63381074,249.403264691,259.606999485,235.322635977,253.427023072,
191,176,1989,223.306333782,276.512347791,266.825235831,245.957698012,226.91256458,209.894374467,173.390802691,210.239272973,270.199919132,269.05030612,251.824935293,229.681456864,
192,176,1990,260.077940172,249.260286093,265.180627318,229.746353088,242.824385918,234.525906555,205.713065019,224.480997254,276.643097956,277.876909454,268.03216488,255.859984304,
193,176,1991,280.987706668,310.865131127,300.503568382,290.303962201,252.934576426,227.620369515,196.742092976,212.417348759,282.32452773,280.963612028,268.643909863,256.252069806,
194,176,1992,270.497378413,299.734606733,298.575399811,270.620918202,264.183985399,222.904809553,185.655372603,202.232883039,260.105406734,251.811487431,270.206503673,253.601062041,
195,176,1993,226.354007021,265.637714298,316.847699331,274.871444979,244.46640575,216.575831357,194.989755536,249.334717764,272.145033603,278.409381081,254.189402699,261.282074774,
208,180,1983,275.295596929,265.95452183,283.120779242,256.93597923,255.776947405,217.127698172,223.249581944,236.606774076,266.342407127,245.365474334,240.814348673,219.794689379,
209,180,1984,259.367048734,307.022373521,300.051544975,246.847022538,267.141453087,241.213124918,204.852627511,228.043419616,265.449378798,247.24167017,246.511622497,259.204161003,
210,180,1985,282.612402255,205.840898889,271.778974294,241.717665347,235.266435064,215.889804524,209.245219735,240.124392356,263.384507993,271.206875946,236.24796971,252.589883687,
211,180,1986,242.63680616,307.522006968,279.236165745,236.519582013,234.913578025,204.981072517,208.581123671,255.598328463,260.934647326,258.026112334,235.822649535,243.139806657,
212,180,1987,245.134683528,275.077564618,288.328606634,245.5288798,220.25388144,192.626004996,236.309474099,239.626768349,266.340760992,307.443621159,265.690331833,284.526034391,
213,180,1988,286.168651611,305.585552952,239.892605904,228.406810593,216.491732435,239.821317631,228.056761276,245.469818064,265.68786263,272.060144802,238.924585497,245.434771315,
214,180,1989,194.134893647,271.372878627,246.017423513,244.072255942,231.836433656,231.600312823,213.994850713,223.958681219,263.02935433,267.612991162,253.582390354,222.330202176,
215,180,1990,258.899891503,243.773805756,247.896805417,213.539740802,227.155104012,236.082533125,221.382147796,220.132213465,275.274748096,276.016046571,262.889227074,255.642933416,
216,180,1991,275.605840307,305.416791154,292.196692402,271.727326803,232.724151872,223.551123374,223.513029948,234.163059865,280.590118561,268.771326035,264.303462952,245.469419805,
217,180,1992,277.876909454,292.343601727,290.140085462,246.410385184,251.082873489,224.864327706,218.061468348,235.079850953,259.572676239,257.101555205,263.141497289,253.364894745,
218,180,1993,214.680054478,270.395338893,304.201796896,276.162632253,247.321321872,221.505183124,234.246893281,257.644381553,286.067016039,279.906235687,266.483974752,257.163285274,
231,230,1983,264.618883691,270.49344561,266.682460155,209.040030314,191.5806627,207.549454917,208.774079919,226.508730452,262.60506299,255.701676546,244.663630001,236.547234429,
232,230,1984,265.968980037,311.009497384,259.280825766,197.320782502,209.385008472,205.869162442,200.093239199,240.317746862,268.606666054,234.46095723,204.942799875,230.538310046,
233,230,1985,248.914953295,236.783757313,246.56582548,215.349666422,199.343915815,213.830695193,207.770269347,237.21192788,260.77126841,255.547351374,227.879841571,231.136892585,
234,230,1986,240.106470723,314.874719566,238.467636959,197.198351199,189.428075459,238.954627464,232.319322098,243.921986368,260.512413655,237.62611673,221.468145083,225.302206299,
235,230,1987,258.106958811,298.422112956,273.108958585,218.699345726,186.974803043,225.371954639,224.558657663,202.552883751,263.811474303,268.472433024,265.569546665,271.971134025,
236,230,1988,272.834160214,294.754054485,252.561806462,214.414044344,244.127487759,192.697817643,221.932341926,235.387306522,247.338599653,270.536009488,224.725640818,211.966918385,
237,230,1989,224.508277962,275.689574159,236.437912468,194.948084421,196.479441489,220.8265639,222.043057791,234.8187925,242.614191714,256.436065237,212.834577648,213.708901103,
238,230,1990,264.7421447,255.303439373,213.27977756,199.80438894,212.567093958,221.601893566,227.008943139,234.021678094,252.778253324,258.88177074,234.444628631,245.555642772,
239,230,1991,265.044821167,310.259294594,273.600807844,245.762013694,196.151475607,225.714556522,215.005630809,244.243978373,275.88237774,278.400221135,242.269532163,235.470144291,
240,230,1992,280.590642934,302.364946255,277.788695195,201.873375083,208.357501519,219.098739272,211.196885558,245.216525652,260.608506795,279.452220987,236.337272543,233.397009623,
241,230,1993,227.04876899,281.69635079,277.329304005,213.163187382,213.809859636,224.012041222,235.034847741,241.294077597,266.707026068,260.190049942,263.847895044,237.820865141,
242,230,1994,268.827480485,281.140559706,249.789528981,216.875633725,198.987673578,222.023304169,215.180665423,233.680171423,254.909792602,250.068509066,216.005651287,220.4755123,
243,230,1995,275.489747952,264.553690196,244.893338872,215.648439955,198.187373105,245.247184919,225.856980402,228.343905661,267.158478638,251.950877909,240.689653933,249.415365112,
244,230,1996,267.390762914,245.356376187,236.937129509,212.891986612,196.084767307,228.349195862,219.275957671,229.207529238,264.325685777,264.077650378,227.519337969,264.243325917,
245,230,1997,295.473961673,316.57714668,264.288727387,194.223784946,199.72166401,186.098255978,214.986713529,248.346240144,264.74647908,209.868693431,204.521183504,195.472843108,
246,230,1998,187.235662367,242.853586801,243.726839699,189.7617298,211.063468958,209.243945308,223.35751,233.757433574,242.867902298,283.050486615,243.576769255,250.207700415,
247,230,1999,268.402538656,302.387828953,255.696499186,207.288954026,198.591605491,210.869503789,213.361221425,227.560332045,260.296975714,278.74351997,236.837697635,237.22546867,
248,230,2000,276.626975124,303.243854718,228.730813803,212.546915527,217.251012282,210.255083836,233.541378333,236.872014243,264.926319347,285.741320231,247.482224947,238.128320709,
249,230,2001,225.127171685,255.941684192,258.636443499,211.912124652,226.219395645,217.408569986,224.698645529,257.914799081,276.059543038,266.845547015,242.917903653,233.727564185,
250,230,2002,234.830939385,274.230760352,235.153927035,181.280224101,224.752808686,236.52904729,222.987726974,225.252623115,242.368711807,241.935273797,238.240822101,203.240676196,
251,230,2003,267.78703013,287.204877581,273.805313588,238.799890758,191.316617308,220.151854247,235.00318619,257.043210334,263.008571874,267.782450157,240.549732444,261.089118526,
259,2004,1988,239.169567581,245.164800111,243.851295483,251.009275316,224.747631325,201.038578784,204.159060317,230.937165942,275.568377457,288.680866285,304.723694759,258.759505378,
260,2004,1989,195.716577315,240.67164933,215.261511901,247.390041377,213.906835582,203.569305842,205.369367926,230.096243101,273.732319441,302.880574293,313.449445764,250.210886483,
261,2004,1990,273.225648328,255.434836234,271.433883296,204.943417175,209.775899198,203.342962256,212.898644167,233.460531855,269.185282567,294.59321298,295.303686247,288.30291896,
262,2004,1991,248.244086837,224.694805179,222.001638906,190.222647648,225.106860501,193.17272764,203.847024775,237.935563591,272.288864663,281.040077662,302.100166832,201.22031078,
263,2004,1992,242.630832282,206.843411932,245.12074448,196.038854738,222.822051435,208.015105403,201.118356601,225.928666934,267.849443876,299.912552755,296.433963808,277.261998317,
264,2004,1993,256.277956609,230.329217217,245.469021547,229.653552218,209.542320583,206.140157444,200.877211074,228.603570209,274.692633546,298.967286184,306.020849274,303.382579143,
282,221,1988,213.272409778,257.861185246,247.395796213,225.209604558,195.125760817,179.944179644,183.270003264,225.948579859,274.741811834,281.389947762,283.90173099,272.700345355,
283,221,1989,223.180484093,201.036535813,223.313701564,236.930086971,190.301456369,182.893025035,180.325678107,212.413167045,245.373937327,280.373193788,271.994000701,233.938641195,
284,221,1990,248.911568098,223.385025396,239.791647372,205.508247306,204.112663201,184.469610994,188.897595125,215.57693264,245.431140525,288.250946225,278.353226631,270.836097274,
285,221,1991,283.550301044,191.490642053,214.058372945,180.250978086,176.9542207,163.969260883,191.479505038,225.468678356,268.09780452,274.95608155,243.534998575,259.971007762,
286,221,1992,207.026720711,237.017069605,220.275785658,212.209869351,201.583721669,181.011081001,191.433506181,215.449489917,263.363108236,271.211057661,240.074205147,310.502843896,
287,221,1993,219.367756257,171.564175816,191.409013282,208.503184481,204.683765903,175.740773486,183.018702145,220.291715998,258.785823628,273.769271193,276.704828025,270.918138527,
300,117,1983,218.810791732,211.820558383,220.845096196,207.447188769,200.180856071,173.251405575,168.742528503,189.399400846,281.843238959,273.184030314,293.55260996,229.143409618,
323,121,1983,311.695030742,278.541282877,257.131424594,217.852409181,175.394042991,151.61234146,152.928678759,182.716025678,237.330303584,253.9806024,285.678733906,283.066616085,
324,121,1984,262.902588647,250.775850511,226.241498993,203.031636942,174.551925374,142.677325522,148.151966203,187.674543244,218.972604165,260.78086644,263.580192312,299.423491306,
325,121,1985,292.686948627,279.172252366,241.602528812,208.885910908,160.777358324,135.242967559,146.417351267,191.279579267,206.918162079,261.231894202,276.662440044,301.776999965,
326,121,1986,298.983216524,286.969641925,251.89193565,203.664781682,182.024449777,151.169942633,154.767438295,197.722008037,224.330979911,251.852508057,298.780941028,291.344419193,
327,121,1987,302.773841013,303.588699257,256.208460499,211.525282887,173.32967001,142.642139383,152.03618144,177.785386208,214.865496915,265.246539101,307.01820142,261.78806221,
328,121,1988,307.576639501,283.833579574,239.793837794,190.775954832,167.621430801,149.046428263,161.785748869,197.932487659,232.823597022,261.780893556,300.457323932,311.928410229,
331,121,1991,298.021023967,226.953243842,231.183090572,199.14408297,173.603273605,138.94430249,156.60898564,189.305013579,230.427029981,277.173186669,288.623463959,311.669343069,
334,121,1994,270.972899072,265.10705617,252.871651582,205.474913068,176.600567144,153.965697453,149.519984181,183.327352489,226.202841367,257.450827918,303.725725312,297.871278767,
335,121,1995,300.794894482,281.911524173,256.938866604,201.51822142,149.624128781,148.6309849,154.484077366,190.224393347,237.092231285,271.169041388,282.67782949,290.002088889,
336,121,1996,260.445333647,270.542882881,238.107412138,197.316872931,160.388857149,147.322101672,152.526636794,184.545824397,231.555249873,292.566873686,280.748764838,304.356918586,
337,121,1997,259.975189477,284.313485247,240.056489281,207.34636299,164.958475281,164.532444878,147.681423774,198.733186391,215.560989024,254.086738293,262.000725616,297.738459555,
338,121,1998,246.307554837,270.677533494,255.113249599,215.822518749,181.376483183,153.04036372,154.893088854,183.114881575,233.391719422,256.587204341,269.283433376,264.880141273,
346,144,1983,211.442810188,212.665378469,217.546918354,204.820574338,214.768866125,188.829399993,189.177172598,219.856021189,286.320726622,283.841228884,298.594721986,222.0247379,
347,144,1984,235.675844811,197.806768434,191.198931919,217.474209626,198.994443973,175.481507197,170.492476392,237.224672153,296.314619009,292.737129199,260.568176484,212.542202801,
350,144,1987,211.603308367,214.940792901,210.88385437,233.47875882,222.712530345,202.199104079,217.453526734,233.834098337,282.817133679,290.443757575,290.788543242,271.760057015,
361,144,1998,191.641397122,228.518101088,201.958881184,216.415333178,227.998217276,205.631707443,207.988714139,219.784932045,263.379158054,289.717732313,285.759806063,269.858372635,
367,144,2004,198.745134146,216.57398655,208.725293252,183.15187979,195.398567896,179.020492046,206.261068727,236.652772934,259.091799003,268.939391126,234.224458052,198.938687782,
369,156,1983,300.625435486,280.126643324,248.717815333,214.522071965,174.437625182,145.762182831,147.888518199,182.739722059,242.139899018,251.654374449,275.853776142,280.541657138,
370,156,1984,263.356404218,243.261811091,219.351427658,193.374173431,173.075381952,136.299786338,145.131374541,183.931709777,220.833765742,257.002189707,255.606313546,294.163492049,
371,156,1985,277.353996032,266.989602807,229.982142038,203.721161811,157.243610574,135.530218146,145.584990983,190.053142188,200.052132284,258.872411665,269.387757193,287.694579088,
372,156,1986,290.08193972,278.077425502,254.411916365,199.112189101,179.517810722,151.725513253,159.262183827,200.92360819,225.932463665,246.966274411,280.588472426,285.804444204,
373,156,1987,291.798234764,300.625876415,248.872339635,212.070565162,171.171108891,137.560520112,144.86474047,171.900718479,209.097850811,252.240411845,284.094328805,258.997863096,
374,156,1988,304.652426399,276.980264754,238.876847577,191.019171303,170.579097618,146.96427304,161.703309358,190.674624592,236.40908519,246.219141448,305.476390066,309.75113096,
375,156,1989,307.772383558,263.081207588,255.193697818,204.901852262,172.909905541,139.705434239,156.281816275,192.021534869,230.352748131,267.418242751,278.022970763,298.134726771,
376,156,1990,275.420251842,271.648238827,246.765552122,205.112969098,166.743868176,154.467357146,157.84040095,174.417114868,230.664073445,268.24901,276.887549029,269.414513527,
377,156,1991,286.398048512,231.362093548,220.741748113,195.835968578,166.969481622,134.303847444,156.60898564,187.994344826,224.846220219,281.268279787,291.155425618,305.685508971,
378,156,1992,309.314241376,304.426943418,251.737610477,218.303038684,180.818323883,148.150724964,156.923609862,182.137754323,230.05047656,258.992685735,262.722144354,282.550473057,
379,156,1993,309.803302825,245.155897906,235.459590441,208.007492028,167.044155092,147.929114016,146.999605207,172.070575734,240.300137199,256.1546956,244.714248658,284.58776446,
380,156,1994,262.336065918,259.673487321,253.343787044,203.582474923,175.665456165,150.781043199,153.610099068,184.636229079,228.125115712,257.394673468,301.388830671,295.377981372,
381,156,1995,297.875460482,276.071639192,240.692508119,194.004643201,145.758631693,146.33442057,155.032280203,183.756675162,237.297175114,265.250521686,268.972725363,276.984013877,
382,156,1996,253.365293004,248.068454834,229.318842491,188.069502845,151.833866118,146.571258268,145.03021688,178.286395412,230.494109989,285.841482246,269.891063021,281.327022917,
383,156,1997,242.407011,272.847345415,231.667970306,208.864305384,159.671593574,159.43806806,142.705980222,194.988959019,203.849971888,249.513934093,254.411219413,294.156920783,
392,157,1983,285.478270486,262.388287565,238.981390436,203.526917861,169.249113327,141.455687459,138.842872685,174.163424198,226.986195941,228.884342458,231.811635426,260.00107628,
393,157,1984,254.055076741,245.863414201,199.501825313,193.49825087,170.272637695,138.98669047,136.609239838,170.619122598,209.056285898,219.314588746,255.365154744,282.939173362,
394,157,1985,267.800969178,235.834877968,212.303845084,191.599845484,153.718624512,142.494398751,153.449003501,186.199393727,196.276927037,251.094422986,244.835856894,265.639022862,
395,157,1986,269.275720436,251.313913206,242.879544721,187.021943576,170.352886784,151.155950484,159.682147425,191.028477277,210.8203255,243.400466851,250.696715401,276.923279455,
396,157,1987,265.456421336,271.418514785,208.709960299,196.403267912,166.946581757,136.996513049,150.827267737,172.863309296,176.668164888,221.401264204,221.040561472,256.471510244,
397,157,1988,293.570086871,249.525923047,211.787502927,182.37490399,172.248796416,146.290797988,160.745895902,180.518833484,214.753971257,208.962257064,288.763796982,251.550428978,
398,157,1989,274.289994193,214.903534395,240.850218489,200.497617614,161.724815317,137.057831584,153.058909291,191.605553856,223.921092254,242.295498618,250.937462669,270.221186137,
399,157,1990,258.735609868,231.094670071,214.471367019,179.186545932,160.413549176,151.377972965,143.488757321,170.128268985,224.317399296,231.868891724,286.764154284,231.167956748,
400,157,1991,258.064942539,238.733545631,206.11351395,207.607686949,158.114004546,130.698194121,156.48094553,178.386557427,220.118725777,244.031905717,276.172303297,282.807947183,
401,157,1992,278.884304353,284.194806909,255.568459075,209.506092334,178.711138112,151.905147753,154.673648416,185.773057993,216.728510394,245.271684455,268.583414395,281.695611167,
402,157,1993,299.559098328,234.321168493,225.256406571,200.030115226,166.606468991,146.873529838,145.989820758,177.880370862,224.473164836,212.866186099,252.727223133,274.614574878,
403,157,1994,276.536570442,249.380439263,236.110145715,200.101104805,166.722362217,151.113974037,161.205087963,185.430157417,226.314984325,225.344023443,289.368340123,296.756951459,
404,157,1995,294.082247313,258.071371569,218.930070156,187.21392409,153.099929918,144.495070284,148.769266892,171.220293817,225.719906461,238.780070759,216.41780238,242.453009858,
405,157,1996,228.396874043,215.153982103,219.266399467,177.441436884,151.292831934,150.412926221,134.824643459,169.711292326,233.033067722,258.190991357,253.937544017,257.740560983,
406,157,1997,235.406622059,248.578168832,201.613391928,199.789779491,151.514263664,152.46689138,139.757075092,181.711617718,181.99300063,225.899594063,236.823499719,254.796235826,
407,157,1998,256.276761833,234.963381674,234.239724628,196.590721554,174.801633459,152.2454862,145.057497588,184.627666521,215.742681194,225.428852505,243.18066798,221.649578384,
408,157,1999,243.899285633,217.26713464,221.960220021,187.830813245,163.450867695,155.112642133,148.220466666,177.92358191,212.055132645,228.38711671,233.356121749,251.345524975,
409,157,2000,228.192368299,183.405143362,179.632110914,184.885260125,161.258056345,140.930776106,151.674363585,192.163314898,207.553364488,223.682688073,226.566843006,273.079487455,
410,157,2001,285.781743469,228.719826135,221.91780549,171.052168987,157.022577102,149.470513836,144.575007404,186.528355255,221.998406375,227.158688339,216.154832287,262.743086114,
411,157,2002,281.938150599,265.750592138,250.36401688,192.405217117,178.121914648,137.784600262,159.708830745,166.741677754,226.909650655,254.205419328,279.387411052,254.266153751,
412,157,2003,278.07583958,263.941239726,252.462839222,197.162959293,160.691732745,128.017051462,156.489906346,199.157530832,212.593418846,262.007502648,264.33473952,306.908959111,
413,157,2004,262.700671583,231.047559081,209.873870791,186.568227569,171.881004683,150.2141554,147.64259357,185.737413856,233.840497023,246.460286975,281.542407757,279.806073672,
414,157,2005,247.468478391,276.76235457,216.188259451,173.256549747,167.744094422,148.662878768,152.446785963,182.001749042,235.923063781,250.043020522,272.961516647,253.592300354,
415,158,1983,285.478270486,262.388287565,238.981390436,203.526917861,169.249113327,141.455687459,138.842872685,174.163424198,226.986195941,228.884342458,231.811635426,260.00107628,
416,158,1984,254.055076741,245.863414201,199.501825313,193.49825087,170.272637695,138.98669047,136.609239838,170.619122598,209.056285898,219.314588746,255.365154744,282.939173362,
417,158,1985,267.800969178,235.834877968,212.303845084,191.599845484,153.718624512,142.494398751,153.449003501,186.199393727,196.276927037,251.094422986,244.835856894,265.639022862,
418,158,1986,269.275720436,251.313913206,242.879544721,187.021943576,170.352886784,151.155950484,159.682147425,191.028477277,210.8203255,243.400466851,250.696715401,276.923279455,
419,158,1987,265.456421336,271.418514785,208.709960299,196.403267912,166.946581757,136.996513049,150.827267737,172.863309296,176.668164888,221.401264204,221.040561472,256.471510244,
420,158,1988,293.570086871,249.525923047,211.787502927,182.37490399,172.248796416,146.290797988,160.745895902,180.518833484,214.753971257,208.962257064,288.763796982,251.550428978,
438,177,1983,207.102588957,215.962646006,216.024376075,200.082997318,199.808484365,179.141688748,188.019235983,203.321522673,270.156502317,282.686279209,285.27934036,209.825283253,
439,177,1984,216.549679048,182.659912427,182.330511441,203.676921929,181.1689905,169.510357633,174.628988395,224.635521555,276.760796621,278.370152618,253.002539241,211.644528122,
440,177,1985,231.493931338,193.228563957,217.293227684,193.007496822,192.893123616,172.805302944,179.7320738,201.332619679,250.745687922,269.766773178,267.661784467,217.574995579,
441,177,1986,200.111359961,229.909893677,208.213132809,198.931525766,182.496983498,165.639059247,183.258254638,234.485051869,265.150399497,257.771824276,256.090483053,236.463002754,
442,177,1987,204.451780321,225.778608817,215.340964473,213.333562372,195.989981781,182.827385395,196.090542055,211.322336989,263.019683286,289.131894047,286.781232936,286.993444983,
443,177,1988,226.020266391,206.600110316,227.146342325,206.412592815,192.827610091,183.643662672,176.271207357,219.504558055,265.3617221,269.801421668,280.065412975,243.212887093,
444,177,1989,196.343237079,209.658242256,173.114212156,187.568460452,184.918395232,168.019782237,175.381298719,208.61617042,247.314730693,278.027451171,271.350156083,228.906445805,
445,177,1990,235.259067282,217.362595782,254.344013289,214.855002803,186.484546819,192.28566655,188.836860702,214.356668568,255.403633154,303.960651369,292.63036273,271.429502453,
446,177,1991,218.929871027,210.895930137,173.745651022,209.691694074,202.838435102,177.423740931,174.681757648,221.925571531,278.070708682,288.843355757,274.446536338,238.728695412,
447,177,1992,228.558566998,247.822811733,218.285488759,221.150235228,199.991285021,185.854010672,187.665980686,228.185996163,274.58295979,304.914281369,255.508368504,289.95628916,
448,177,1993,212.449806827,208.936220914,203.499942485,198.121833029,203.696682188,178.291254166,182.933673953,213.211476226,266.558668135,271.502782018,277.144963416,274.071748531,
449,177,1994,200.634870771,225.08061811,209.908718411,214.351079674,208.664757958,182.31523159,181.247646555,215.984550224,266.749002515,275.584931735,304.939955767,275.352348766,
450,177,1995,175.426700189,212.38230201,206.855270423,225.792747942,186.400514274,181.560684381,193.846355357,211.607888339,265.208425762,307.817585899,291.495558297,218.505725715,
451,177,1996,194.518814849,180.940410715,195.734698077,210.710240211,189.512307133,177.181964828,185.12210446,227.81262881,268.944535298,291.461108936,310.252033962,220.462967157,
452,177,1997,203.088740574,142.28450182,211.199474239,200.824992746,213.590020939,197.871414717,170.273035953,227.584824943,251.847981186,267.646245747,305.620426893,212.444430338,
453,177,1998,188.221551306,211.277554242,220.6170932,214.495733802,207.648003985,183.361762024,196.100299388,202.624172024,256.036572127,284.930266777,288.982321426,271.139570258,
454,177,1999,205.156897011,209.62583397,184.98311224,185.343503003,207.800935252,185.128065062,178.454062244,211.627602136,259.884413087,291.086945067,286.599335,266.316858844,
455,177,2000,222.621727405,208.258520546,199.860058842,186.896631536,185.609971133,165.913552286,179.299764188,196.679964648,264.749565583,283.091308112,220.897759246,227.310823089,
456,177,2001,200.119325132,213.942309037,203.510098077,212.039494361,192.684436157,185.601740457,187.091293657,230.151999292,267.870226332,279.669271874,296.553720142,261.383033306,
457,177,2002,225.093917099,195.958135324,206.124466059,219.148946395,202.365901381,172.401176759,204.758439373,213.435297508,253.071265384,281.007818723,275.658091823,229.943311833,
458,177,2003,181.637342506,203.492510697,206.875979865,225.312076473,216.69325124,187.846451529,180.276094923,232.549515516,261.940230148,306.327501688,282.86878117,220.949439926,
459,177,2004,220.821200686,233.409692097,225.463899254,184.534221799,188.473648942,175.351874052,192.673484048,231.065006924,255.993978379,289.252168116,270.381611302,213.508776203,
460,177,2005,214.41501344,232.115200388,239.6291579,234.905340712,209.495126949,181.628175923,186.639668508,230.728279354,259.337073143,287.400863438,309.949762392,253.934404413,
461,189,1983,227.882324049,236.595260138,214.039455666,213.599413202,199.802311358,186.139615124,193.69342409,216.958889666,262.410201739,292.778149825,292.511429464,227.883120567,
462,189,1984,234.173812845,224.577822137,205.180991651,210.163929101,201.695034922,179.105268008,184.972956648,225.310370599,263.87464474,277.740306786,285.911662033,238.741837942,
463,189,1985,257.258070799,212.118846895,234.650926538,221.970010543,202.06680924,187.622165612,184.818631476,215.030920224,251.222038287,285.299850674,271.646048879,262.027813832,
464,189,1986,219.138757615,256.600652677,219.444022762,218.747700947,200.901305714,190.015851917,189.023245684,231.845394472,268.895562777,281.718511032,267.983603892,238.712366813,
465,189,1987,236.657352907,247.439028596,223.168735467,227.916468079,203.014266233,189.857617173,201.850156612,218.398195917,258.071400964,294.701340165,282.305802942,302.471363675,
466,189,1988,232.856174568,249.039532677,255.637556926,213.980699261,205.865398899,181.002027258,188.194270598,228.727229476,267.110534951,279.387902237,289.341590427,245.441740839,
467,189,1989,203.098099649,247.022571096,201.517411627,207.146974868,190.308226763,174.548971623,186.523177894,214.435324624,261.627876,294.143180865,291.031142412,250.191770075,
468,189,1990,262.304006108,231.291765362,257.63980158,202.458987669,198.770025303,196.039677806,191.488266725,215.928993162,266.408869835,294.194954471,292.085491989,282.003464995,
469,189,1991,245.39335243,251.169508938,182.070647764,185.984672651,200.376799258,198.407025948,190.364978601,224.512857934,269.933039468,282.09287403,291.385061474,248.710447551,
470,189,1992,272.476723202,237.688650182,234.373937745,223.890021452,207.386547274,187.695418627,192.001621944,229.505028344,260.894728548,290.926646017,274.867329641,302.513379948,
471,189,1993,242.48726009,244.620830487,214.062952918,215.741858126,215.019968115,185.646391874,184.118293888,231.967659834,267.807261662,290.233078824,292.610609108,288.103391447,
472,189,1994,236.066536409,234.439337482,233.136747687,232.385313533,218.532608164,193.292483973,187.109613549,223.339787496,263.921971126,281.439132688,310.026924978,278.182771989,
473,189,1995,213.738571362,249.852453825,226.103104161,224.015333492,201.761544093,203.480414543,194.719935396,209.789838246,264.773434543,295.254322105,294.186989301,257.582850613,
474,189,1996,239.147065975,186.081035418,226.503752221,229.307658065,197.821970923,184.306437845,189.983845208,236.312660167,259.99429261,277.187125717,306.173528311,259.822258209,
475,189,1997,263.245090965,203.885819421,228.91580488,217.93533324,211.939637677,189.927783685,179.600051104,231.122555278,265.030437397,268.408512533,296.913812211,227.979897384,
476,189,1998,214.586463728,219.319879895,236.559580443,216.325618811,217.894598033,197.22674703,196.789485738,211.884877132,256.557162374,271.334916057,292.05030585,305.665396917,
477,189,1999,248.128790999,241.290713735,202.076367445,210.433895269,210.696274612,194.946438286,170.489091194,222.68166531,260.165490668,289.413861071,298.267346854,278.242709895,
480,189,2002,227.218825374,231.652665801,226.297056055,221.996348706,214.364434609,170.894551545,205.287924061,214.669898886,261.15317177,290.615606122,283.286693737,268.68968304,
484,228,1983,285.478270486,262.388287565,238.981390436,203.526917861,169.249113327,141.455687459,138.842872685,174.163424198,226.986195941,228.884342458,231.811635426,260.00107628,
485,228,1984,254.055076741,245.863414201,199.501825313,193.49825087,170.272637695,138.98669047,136.609239838,170.619122598,209.056285898,219.314588746,255.365154744,282.939173362,
486,228,1985,267.800969178,235.834877968,212.303845084,191.599845484,153.718624512,142.494398751,153.449003501,186.199393727,196.276927037,251.094422986,244.835856894,265.639022862,
487,228,1986,269.275720436,251.313913206,242.879544721,187.021943576,170.352886784,151.155950484,159.682147425,191.028477277,210.8203255,243.400466851,250.696715401,276.923279455,
488,228,1987,265.456421336,271.418514785,208.709960299,196.403267912,166.946581757,136.996513049,150.827267737,172.863309296,176.668164888,221.401264204,221.040561472,256.471510244,
489,228,1988,293.570086871,249.525923047,211.787502927,182.37490399,172.248796416,146.290797988,160.745895902,180.518833484,214.753971257,208.962257064,288.763796982,251.550428978,
490,228,1989,274.289994193,214.903534395,240.850218489,200.497617614,161.724815317,137.057831584,153.058909291,191.605553856,223.921092254,242.295498618,250.937462669,270.221186137,
491,228,1990,258.735609868,231.094670071,214.471367019,179.186545932,160.413549176,151.377972965,143.488757321,170.128268985,224.317399296,231.868891724,286.764154284,231.167956748,
492,228,1991,258.064942539,238.733545631,206.11351395,207.607686949,158.114004546,130.698194121,156.48094553,178.386557427,220.118725777,244.031905717,276.172303297,282.807947183,
493,228,1992,278.884304353,284.194806909,255.568459075,209.506092334,178.711138112,151.905147753,154.673648416,185.773057993,216.728510394,245.271684455,268.583414395,281.695611167,
494,228,1993,299.559098328,234.321168493,225.256406571,200.030115226,166.606468991,146.873529838,145.989820758,177.880370862,224.473164836,212.866186099,252.727223133,274.614574878,
495,228,1994,276.536570442,249.380439263,236.110145715,200.101104805,166.722362217,151.113974037,161.205087963,185.430157417,226.314984325,225.344023443,289.368340123,296.756951459,
496,228,1995,294.082247313,258.071371569,218.930070156,187.21392409,153.099929918,144.495070284,148.769266892,171.220293817,225.719906461,238.780070759,216.41780238,242.453009858,
497,228,1996,228.396874043,215.153982103,219.266399467,177.441436884,151.292831934,150.412926221,134.824643459,169.711292326,233.033067722,258.190991357,253.937544017,257.740560983,
498,228,1997,235.406622059,248.578168832,201.613391928,199.789779491,151.514263664,152.46689138,139.757075092,181.711617718,181.99300063,225.899594063,236.823499719,254.796235826,
526,2551,2002,277.560891327,239.161908217,227.221414054,210.084503079,187.304760218,151.31397946,182.203068718,206.378355858,245.857901068,268.718357653,291.286910665,278.382299502,
545,2552,1998,257.707306397,270.61602389,257.855657692,213.044459882,177.605373362,155.927479042,154.711283845,181.26238212,228.43150262,250.62049536,250.265016452,236.559978701,
553,68,1983,270.133569265,213.034436095,231.157402898,221.91321888,185.937937015,164.094161389,157.313704072,196.005314734,258.791790868,246.408513369,286.264140726,260.956498443,
554,68,1984,266.392129702,237.789121191,202.569809737,207.567356637,180.278285345,153.459099354,151.579378931,196.055893565,240.108979752,280.913033197,226.314984325,227.586218848,
555,68,1985,237.574143994,221.757335758,211.709046001,203.385556003,180.462679034,161.287706691,162.341319489,200.373015802,230.963670046,252.198594702,273.66009526,245.549668895,
556,68,1986,222.582100683,247.210847806,250.439486868,206.490784235,197.26182033,160.427395297,162.604369234,221.576497948,242.760491978,240.338257176,281.615660772,251.314460812,
557,68,1987,264.01552205,264.15597218,259.914654183,221.607037738,189.844653859,164.615780471,188.755217708,192.432736779,235.203702711,265.506203649,302.584130572,249.986467814,
558,68,1988,265.078274881,219.147278973,193.369839051,195.814980355,173.977636604,169.777854599,172.906122085,209.778288749,238.671697981,241.782342529,276.087321569,254.368506188,
559,68,1989,259.685456411,211.886036349,233.840470473,202.998714238,191.774813723,168.619592739,181.320926121,216.836425174,246.170872517,262.964517845,270.105472127,253.928430535,
560,68,1990,217.877672046,255.197175468,252.449298433,195.917452269,175.000364455,164.861054612,178.963434877,207.062763106,240.15754074,289.142248768,279.701205569,288.074119447,
561,68,1991,278.744714745,221.615797529,198.043203524,215.477653431,190.738345953,169.258910486,169.895287758,198.546004892,247.725441418,294.553984517,275.335037796,276.237478302,
562,68,1992,289.415653234,295.317926735,242.458784607,209.504651965,186.341771144,165.948532659,168.891676315,195.300795432,261.781995405,288.607188461,285.3145265,281.537502539,
563,68,1993,270.45814995,234.264729573,223.06100654,202.336144832,188.811969545,159.552474454,153.963155236,186.727683639,253.549261884,255.840270507,217.122554,271.422532929,
564,68,1994,245.043880588,244.280653715,219.063486756,216.14536701,186.868069763,169.182982501,172.459674297,197.911977346,247.432223591,241.169820942,306.792475135,280.849510965,
565,68,1995,237.890759509,253.883868253,242.555760553,219.149769462,162.386322701,167.337047675,169.830769879,188.943593983,245.604807785,281.029722941,271.711894286,226.546963269,
566,68,1996,211.165224007,219.935720957,217.213376853,195.699133592,176.413385644,161.953979901,167.983646915,196.430654822,240.192315345,296.693827486,293.688416111,256.038005857,
567,68,1997,219.298459277,202.369684836,212.044977053,200.911003309,194.37165833,182.283543488,154.433697664,218.185725003,218.332874884,245.27048968,274.929677011,268.207989374,
571,68,2001,252.355110296,185.748202395,189.866159819,196.32384189,181.576209825,156.5766736,166.856973593,218.44558868,246.283427009,280.224045977,263.508379665,221.441886572,
572,68,2002,293.318188364,255.74943912,247.363537274,205.236635003,183.919562892,147.670876561,163.450270307,191.042814583,224.958363178,244.412242593,270.663100416,281.577726649,
576,89,1983,262.07918918,209.748412249,226.948407846,227.82757678,192.265269076,171.575434205,161.198118439,202.095882112,266.514222486,245.568586174,289.351467238,246.473230377,
577,89,1984,270.77596024,236.377844099,187.628942644,207.704808924,187.49652169,162.11118581,158.787658814,202.138694901,251.233355466,281.330208986,215.41077919,212.012518985,
578,89,1985,219.334302542,207.821331777,194.561229381,207.750694941,192.885357575,173.953482225,170.89372184,206.187191774,233.99255876,255.834894018,275.401912038,223.401517565,
579,89,1986,206.234982795,244.47113507,249.290112811,207.893702934,204.93028792,172.485952721,169.813047376,230.505254589,251.773493569,241.978086586,276.998045852,241.195508616,
580,89,1987,259.250757249,257.568051043,267.843582838,234.21067167,196.041954517,175.919790686,200.673900105,196.57542179,241.276501122,273.282001907,306.963673193,231.703415314,
581,89,1988,259.172698581,204.816111325,182.499373049,193.835297046,179.121145247,175.876991172,177.332765412,220.113296186,245.953171141,237.590273464,270.437579898,247.723562966,
582,89,1989,244.205148168,184.037838557,228.463980602,204.95699779,197.555934239,179.176669121,191.937900582,220.752501093,253.981166599,263.641159052,267.896976029,241.374525816,
583,89,1990,195.641704715,236.265004269,250.571310434,197.718941446,179.127119125,169.28648325,184.717075556,215.541686762,248.808804127,294.273212268,278.106512122,277.912951849,
584,89,1991,255.262994799,219.922188996,193.444711651,224.785930519,201.719129562,183.760332503,178.447490979,208.524770092,250.768322281,298.448554476,276.484040145,265.216868842,
585,89,1992,284.024427799,297.069570656,239.687701901,215.51880681,195.610839681,172.835756444,175.556930721,204.337480129,271.340690805,293.027459652,281.158858262,262.276327141,
586,89,1993,251.275829736,216.990010724,215.350920936,203.299956975,199.483903681,165.713341096,159.554903831,195.158019756,260.712624845,254.136122348,200.389384227,254.811767908,
587,89,1994,229.558195855,236.434100565,229.953666555,226.278357818,199.375577366,175.511549164,183.607129092,205.850065946,257.156561343,241.570070744,308.526267003,273.691610784,
588,89,1995,230.855921207,253.03772538,248.680976421,227.327151688,173.973056631,182.293626066,175.55991766,196.437823475,250.925939723,282.672937548,268.316946264,208.096243937,
599,90,1983,291.692298001,274.520891676,245.102822848,213.179031433,174.094525476,145.714444911,146.622852657,183.341092408,240.552818947,245.825462912,264.127120722,270.724385763,
600,90,1984,261.850190537,237.690565943,213.075670074,195.364145085,173.414897331,137.909500768,143.543916125,183.652530562,216.89518158,245.875444355,248.313317441,285.074038099,
601,90,1985,264.466350682,251.402980877,217.618604886,202.201161748,160.534619763,140.034043972,151.795434172,190.090578488,195.406327299,254.646689756,261.610385813,276.079967062,
602,90,1986,279.522712743,269.204389493,255.53520449,197.378397233,179.752384984,155.213673679,163.338757925,202.720550583,224.505470239,246.377250076,270.607749121,283.586343439,
603,90,1987,280.246547583,291.330650828,237.622930662,210.358790352,172.054645393,140.154829141,149.887576785,174.295247765,202.956326258,242.829563278,266.954769411,250.140195598,
604,90,1988,300.785734536,261.219726718,229.579502685,190.078199286,173.897387514,151.260068534,164.731268801,188.774931504,235.010487596,235.423946304,303.32345103,296.692035322,
605,90,1989,299.315164991,246.935487606,251.086258686,205.03127964,172.920061133,140.722128474,158.313731188,194.156797865,230.982189067,264.33074366,271.717655759,284.191497243,
606,90,1990,266.404475716,256.918782997,238.815515767,199.11424677,165.867898586,156.826886146,157.30633629,175.497988462,234.987030169,263.020074907,280.371182583,258.914627067,
607,90,1991,274.610592293,239.672063143,214.299319343,201.968850922,166.568833562,137.010505198,160.29247859,189.487216847,226.483507413,278.081813457,289.180680714,300.147326146,
608,90,1992,302.809883408,298.682854077,249.90183788,217.387581763,182.827936319,152.005561999,158.456506863,187.221325061,227.286615609,252.715534246,256.199539508,278.586406988,
609,90,1993,301.339313863,235.199278723,227.990252105,205.143834132,169.854864519,150.333911733,147.162891196,174.936643093,240.089843431,245.587702582,245.451717214,277.038177034,
610,90,1994,258.250730133,250.626945725,249.986069555,205.247540648,176.34508431,153.84655842,158.855761019,187.841811817,229.445521885,250.808075118,299.014074921,296.313490609,
611,90,1995,296.424007346,266.337027793,234.952806488,193.217173289,148.403068193,149.101573791,156.912060366,183.314209958,237.60109282,260.931607286,253.703381289,263.362975483,
612,90,1996,237.875625685,230.490711287,225.916918308,183.747780722,150.243221633,149.863940142,144.016051587,176.848084807,232.500954528,281.986738138,261.281570313,265.576695405,
614,90,1998,250.968175038,256.139440877,255.545160952,212.822025868,180.523413457,157.728145152,154.086814503,183.487651539,226.92528894,242.14256735,238.999484647,220.515736409,
622,112,1983,280.58108473,287.086267662,264.600364671,223.357290958,177.832579841,152.23684399,162.479515192,186.832823885,225.229152413,273.988512502,293.9470651,291.368115575,
623,112,1984,276.423664155,281.403330621,252.432173317,208.84537483,178.711934629,153.343458358,157.206771662,197.485442483,236.412171693,285.15388893,296.19918378,313.392806766,
624,112,1985,283.085135105,228.413380436,250.143381666,214.143049342,176.735377649,158.059018321,166.968286846,190.504966467,231.028280852,277.645919519,293.153627948,282.257155665,
625,112,1986,318.002250749,226.548691426,258.650581676,212.759884265,173.089918387,148.686747728,165.357928565,194.135690164,237.107252269,273.186220736,303.620578428,277.102495784,
626,112,1987,273.755531274,247.759363561,244.942125539,202.460016504,180.082143029,145.092411584,167.944020193,195.837847031,237.33853426,271.926329943,306.230525741,327.55348544,
627,112,1988,302.695782345,285.350010646,245.197210114,216.97604797,173.365513275,156.278928901,163.511402988,197.279144575,236.41505243,278.100531607,304.016473937,284.249642985,
628,112,1989,295.121702021,272.922744285,240.452955626,211.096258908,172.402325072,152.501048685,162.253702617,183.018503016,232.844585245,274.612782715,294.011264371,280.394699748,
629,112,1990,299.777941379,256.597125245,257.509770177,202.559607682,182.144126459,162.889807745,162.312445747,199.012763864,247.628113676,279.72901065,294.066821433,307.694324891,
630,112,1991,306.057880677,275.284580814,233.125795578,186.79025005,168.050554344,133.74457302,149.019970623,185.716704414,243.34240076,273.037670312,300.956925956,303.179865562,
631,112,1992,299.383267197,252.915329554,247.138919475,208.224370337,179.006247667,158.782288961,154.373162371,188.962312132,237.067539258,285.086384113,306.891860546,323.188572182,
632,112,1993,311.030934679,242.97175579,229.235407334,212.84774673,175.159468729,152.614632012,156.100409524,182.485035743,224.625020806,282.447523232,294.769926918,315.628630035,
649,2033,1987,208.943538915,232.426275843,224.871290593,257.329611303,249.012128371,236.975355688,246.368886647,241.083597975,289.045491863,293.129812089,279.925285719,253.358721738,
650,2033,1988,221.822024319,245.75251294,222.733040658,258.304740624,232.820530431,223.165104677,229.565563638,254.781699391,301.310227717,302.203733957,270.588201266,250.001999895,
651,2033,1989,196.657861301,202.408707059,224.077362255,230.225789956,221.439098762,231.925836053,228.178827509,250.005783351,301.055076765,301.321790489,277.306284663,220.971145014,
652,2033,1990,247.525628487,221.431268716,261.133325221,240.278120141,226.892651655,224.632839948,246.072582317,259.05003496,263.827524121,318.221093799,286.405296817,254.984412972,
653,2033,1991,224.24960906,244.257945868,236.165901907,224.088792274,223.320471959,240.592531958,227.271793755,257.044803368,299.723147646,272.181414518,278.381416696,238.557643382,
672,2034,1987,197.104707348,219.916015989,226.872141342,256.698524232,235.448240073,238.291029223,242.518722512,233.70765126,277.736131709,272.301290329,258.176753615,240.786297998,
673,2034,1988,202.337425897,226.555312965,209.246016252,242.487439306,225.114825671,201.072118788,225.523438901,247.897601934,291.200694335,272.368994275,256.516214762,234.99502189,
674,2034,1989,182.944227804,185.367901077,220.983491028,233.206529216,228.331758777,234.586402022,230.169920925,254.833273868,297.117521438,271.935489888,258.94282377,213.332148554,
675,2034,1990,224.024991261,217.303070359,248.869551825,216.616573202,208.299953164,200.43094914,240.659850922,259.153980431,267.475359658,292.125205,267.788331108,236.264670017,
676,2034,1991,212.376328133,235.702378784,226.26897883,220.121400747,207.626298896,232.427084213,217.252605316,248.381486023,295.423854115,257.765651269,248.806540691,222.557209526,
680,2034,1995,197.101322151,183.997052619,240.291860059,251.968149053,246.651052801,231.515742629,228.082249821,245.972022043,297.569179775,296.810517229,250.061718759,208.43735235,
681,2034,1996,204.816585115,194.690677129,199.120094533,240.814760206,207.376192553,222.134829827,236.992288313,271.703504307,292.960412832,283.990177567,268.992684752,212.290304295,
682,2034,1997,202.928043266,194.328461506,234.926720556,207.680734197,242.637005289,212.744863281,221.684226875,260.020790076,281.515246526,260.116172989,211.697715546,169.6328354,
695,2035,1987,209.386004118,237.56883151,247.751042803,263.552413781,234.580833041,228.089106505,237.312289025,230.141644571,283.531556343,283.517245587,285.059169781,246.504095411,
696,2035,1988,208.731466259,224.495870149,213.947059692,241.017029065,218.558295838,189.552259099,219.192124255,243.949466206,292.687771695,279.882141047,283.956464984,251.830205581,
697,2035,1989,191.05436408,186.585085757,223.65660214,237.380510707,224.080150064,223.647010748,220.09099371,247.382454553,294.28514011,281.531130403,275.52701831,229.068537018,
698,2035,1990,224.045899833,230.038424499,267.308522531,224.435303727,207.880586954,190.050626522,234.058517006,247.647296461,272.715625206,304.070172459,285.438398171,246.342800715,
699,2035,1991,213.834949922,240.39386402,235.349471963,226.455111582,197.345852875,227.879635805,210.048108889,251.557597631,294.538850694,273.985923822,259.69860558,230.805143247,
718,2036,1987,217.639712587,245.741231237,246.29620447,261.575405441,234.993428856,214.395936857,228.590427678,227.110100801,284.380962091,294.901863324,305.755615744,267.827254239,
719,2036,1988,213.311040853,222.981780563,220.710883079,240.074205147,205.612106487,203.035134979,206.749333659,245.422823559,294.582679042,289.551260257,303.280445749,259.542879865,
720,2036,1989,181.112437792,207.437723492,199.885746516,217.553841415,210.19745583,205.070581117,206.965388901,238.794806324,283.434434368,288.8184646,285.856516504,236.710122159,
721,2036,1990,222.884578021,234.768711492,273.254920329,237.121038651,210.226329572,202.8448006,216.817109637,226.833510266,268.723747418,317.097805675,286.782056004,270.312387335,
722,2036,1991,222.256524352,222.748764757,221.382944313,225.074415707,204.571058745,221.023277053,207.763897211,248.31816292,294.2162082,288.713125225,283.577030827,239.441777272,
741,2037,1987,268.733690606,259.598970309,253.532959836,265.318922585,217.370888093,222.239770944,225.674578005,250.933327419,257.960081073,275.049274041,276.974794193,246.606248719,
742,2037,1988,259.220887861,248.93182435,231.969850256,232.116170432,222.565373826,195.947288469,222.253139155,243.124274575,283.94411897,284.684342148,272.381665534,258.356268638,
743,2037,1989,215.812104289,169.571176449,256.433874815,238.357903465,229.756528593,201.828929433,221.863642333,245.890379049,279.343994237,279.171647867,285.469057439,262.293850516,
764,2038,1987,296.964045884,284.183190708,261.342012679,265.886839219,210.687114667,207.2953328,213.062527543,236.457825394,268.236285641,295.539674327,302.710471446,250.600383305,
765,2038,1988,300.848261122,246.050094444,241.286112427,228.682538234,196.404170631,185.129093897,205.193138536,240.503534457,281.113589545,298.060451559,302.32239508,279.120670778,
766,2038,1989,254.382843494,176.423875489,266.644028209,234.937234581,220.146351642,187.416604483,206.239562768,231.976023263,280.077141688,279.303073175,298.251914337,298.759395242,
767,2038,1990,250.21705949,274.173439574,270.11624502,238.710999459,202.179516398,181.996292901,206.154335447,237.913061985,272.604716849,293.206476852,310.796287403,291.680151116,
768,2038,1991,253.071179095,262.686135147,244.878205048,254.872343027,220.698537065,196.271165564,201.905912803,243.773236815,278.57936445,284.87331581,283.492049099,249.70689034,
787,256,1987,250.107936659,266.631568407,271.744325804,270.567830343,224.611028657,208.735495307,222.734235433,229.250740286,279.817258098,301.101951792,313.915507784,236.406848304,
788,256,1988,247.128166495,207.655694494,215.561997946,231.606280063,195.956328937,191.425972457,201.09744803,247.619020107,290.3033449,294.566131401,319.262360584,273.725861015,
789,256,1989,214.184820022,176.725250504,227.340692477,223.707094681,220.672650262,196.254704212,204.292875176,235.769037302,285.128307458,287.248927816,297.272875445,251.937735378,
790,256,1990,210.58197442,232.280989716,277.006316354,225.170303081,214.135834225,183.851898771,214.531902312,241.871950694,278.218449314,312.286444628,304.877196864,271.638189912,
791,256,1991,205.880134464,236.885832391,230.383785744,232.478525937,212.12064617,215.424359805,198.417964781,248.034005473,286.264140726,293.569091224,281.516686895,246.215158863,
792,256,1992,279.65433718,281.982954682,225.694490931,247.559387533,212.192133572,204.131255236,214.491877332,248.313582947,295.068906218,315.913783128,278.482448242,216.929219407,
793,256,1993,228.748536306,184.929176659,201.043683131,212.455143491,224.242440407,198.972473379,189.733738864,237.730460459,283.924982649,311.590288755,250.444445186,268.443161023,
795,256,1995,247.882468111,236.533309605,255.90638142,252.524542741,213.938895392,215.017147117,205.335117694,231.372263363,288.163780713,303.598435255,280.699998083,223.979390662,
796,256,1996,225.96431107,203.255617756,196.771564105,231.454629861,178.307702242,194.127897572,202.428826225,252.652211143,288.330451899,326.205579516,289.646742734,233.612268347,
797,256,1997,189.540384358,175.72434153,218.472670258,205.998795586,221.022122103,189.299988885,191.031862474,249.247698279,246.961840466,295.63485811,266.736656501,252.601632313,
798,256,1998,182.495987852,222.268372543,206.888724138,245.948026968,241.144929786,215.086490561,213.873780126,231.636308755,284.258942322,314.568266755,283.157060592,239.022012804,
823,2897,2000,313.28766652,282.481691066,217.942787312,188.669930648,166.731721292,143.187627425,154.981900502,193.780244445,232.784912845,299.338662244,337.23116057,360.53506473,
824,2897,2001,341.261344189,319.812463684,254.227721805,170.145765809,161.53962511,136.506993603,143.950139804,196.372907338,226.934136916,293.712265158,304.832133914,348.326848396,
825,2897,2002,334.396164011,330.190831515,263.253852652,201.347434896,158.042318014,139.492671268,146.582628548,174.045141421,249.155315581,311.07076053,337.90072605,340.557820533,
826,2897,2003,349.911718133,277.278241574,254.04472202,194.810426367,159.450759231,148.717612763,158.317912902,184.846509572,240.21515547,298.986601722,310.068489891,369.45884314,
827,2897,2004,324.743771659,289.847791183,236.067133796,191.331113918,162.804892393,136.494030289,153.803453574,192.444286276,243.554752197,283.16120248,333.912140533,346.588649134,
829,114,1983,207.123895787,237.199332955,207.46241552,203.613751491,205.129815433,195.780411516,206.130639066,199.843531114,243.69117565,201.571773914,186.817617048,193.069552135,
830,114,1984,204.948607811,247.788753764,205.68080608,198.295294523,212.846074044,212.041346263,191.242541225,209.292811627,246.143917053,208.678697006,179.769072015,192.877591534,
852,122,1983,183.858828469,169.995791137,156.060782803,167.91484112,164.314491272,180.710661333,205.430500607,202.175932072,190.397961043,132.159696646,137.758262099,136.241448105,
853,122,1984,165.451718444,168.706575373,162.827991387,161.263631964,168.157486754,202.196840644,184.423758164,176.874369869,177.926429459,146.491626479,128.563568338,134.49846974,
854,122,1985,144.922886212,178.170615974,155.213487825,132.134447057,143.865709,215.293286292,188.357158328,186.928206798,166.685178147,141.620128397,136.933754146,130.465504949,
855,122,1986,152.909562351,150.996157791,134.669720899,136.269744372,167.923111621,200.848655939,208.935573744,166.856376205,167.46462315,125.941089158,126.370093224,132.609131374,
856,122,1987,143.923058225,142.205355053,148.418998533,142.373202049,165.624164378,211.283301017,203.246849202,171.247773654,154.246775033,139.057534021,146.305613205,154.238152737,
857,122,1988,160.214619051,164.599184307,154.005768897,153.201684967,168.611302325,151.899592047,172.588311795,148.255712544,127.584735213,128.537734637,134.165983624,148.918414703,
858,122,1989,216.389180869,179.754653635,163.078695118,147.382391373,153.495998005,197.644248063,201.761544093,170.182830401,164.716400484,137.486005945,154.94905745,150.77569326,
875,130,1983,176.364001589,198.078783655,197.890272257,202.716813591,220.353047808,213.31710102,220.157502881,219.100126539,236.992434341,192.531704019,176.61631163,153.787324104,
876,130,1984,158.290831324,186.187466571,212.40898533,206.109703944,229.635258877,220.514003985,220.873173421,229.321630301,228.64899823,199.414407571,167.833768962,149.185447033,
877,130,1985,164.249774264,161.80685657,193.704973586,194.110613153,209.689277973,227.28394064,227.323169103,241.025253104,213.217509842,182.05312439,180.973219892,153.451393052,
878,130,1986,161.822388652,172.91341875,164.327235544,189.561312843,223.522389023,230.838152239,244.410848688,224.100660378,209.188388246,168.729784231,169.693695938,140.045215124,
879,130,1987,156.232830479,169.378269984,186.703588999,183.901488593,217.189879601,241.037811522,236.824422351,214.116518687,197.217075986,197.449798346,181.66089286,179.989149667,
880,130,1988,168.04637263,212.21988807,183.48486373,187.176474515,228.59540591,199.635865852,208.854727267,195.472643978,201.497233196,195.447553692,170.685698145,156.454461339,
881,130,1989,176.936697325,155.886061105,176.255874404,194.008964306,220.528082423,226.072796688,227.648347175,211.862375527,222.188946521,186.74859221,173.060865429,169.822008192,
898,137,1983,150.431996166,192.439741862,168.434077288,170.854221233,182.222185127,187.21392409,197.305628766,184.498829893,199.349438333,148.856684634,145.147762879,149.147015087,
921,138,1983,166.399971954,174.649576938,166.529804228,180.568682174,186.980179533,215.79926709,245.855730559,265.854082457,264.182883551,200.100009594,153.78421105,158.037140653,
922,138,1984,148.00321665,176.811520556,183.119660677,169.663242437,175.539208217,196.826941951,227.158489209,247.617028815,211.803273964,188.559473651,138.496347956,150.216936572,
923,138,1985,164.367459653,172.419798664,167.334684674,141.097653059,173.395581793,226.486799684,230.356903295,243.96420177,204.062734859,163.173878902,159.991992545,137.333871195,
924,138,1986,150.815120852,173.454438711,161.115678928,155.667389685,184.514959363,194.148680029,220.17104367,244.651595957,241.357573279,178.61814475,164.180377719,138.597744573,
925,138,1987,150.982588555,171.94381574,153.994816788,158.504915185,176.164872335,225.75776757,230.476181718,236.201346914,187.214335624,169.499020541,156.468234446,153.018286924,
926,138,1988,151.083746216,170.50313324,183.045186336,162.463458736,201.339987462,173.339062273,219.529648341,225.314950571,185.611411502,157.160772804,126.807142112,147.837341981,
927,138,1989,179.975608878,175.686201166,184.625476099,158.816652033,166.028795023,212.860092743,233.220182845,242.273793529,200.370247905,135.450705835,161.572282308,156.768089915,
944,76,1983,225.003711547,208.609272014,181.655463269,178.705874462,148.111542964,160.308256264,171.955678154,171.945124303,173.986404929,135.543300938,139.922312548,145.739515285,
945,76,1984,184.057957724,188.643259001,171.123915258,165.455926709,167.375107913,194.064109834,177.65137222,173.231300158,179.808579259,156.991712067,139.534853482,158.242044656,
946,76,1985,152.524844631,199.871160298,178.548847769,147.645773,151.79324375,190.341375147,174.340848364,182.695515365,178.451958112,132.980905692,144.937057577,146.791515136,
949,76,1988,186.017588717,183.498802777,182.239708501,173.458818606,167.244877381,160.519578867,160.28172561,146.62225527,143.158408526,132.833151785,156.105673174,159.501138932,
950,76,1989,241.602727942,219.669536642,174.228340335,171.596833962,154.622472198,171.898076698,177.796139188,170.780417294,177.273942631,155.505809571,157.799340498,168.714451279,
967,118,1983,275.519418211,279.832984568,275.356331351,249.373222724,221.496248858,195.735554333,196.003522571,228.20809951,284.334664539,278.928112789,300.147027452,275.163972491,
968,118,1984,307.388462356,269.103933689,246.714774163,236.561352693,205.624452501,183.013604436,182.39502932,244.647812501,278.12791188,290.126743802,272.271786011,265.275611972,
969,118,1985,248.570658814,228.265228271,236.179442696,244.593257723,207.364842185,201.150310209,197.981672585,242.917578409,252.935253466,294.275004431,288.444858293,239.667589847,
970,118,1986,249.53344876,271.347304741,274.522178904,235.311113031,221.056571464,207.87148011,211.578218081,246.498519792,284.028071864,282.714157304,304.740773412,279.209681555,
971,118,1987,293.845084371,299.397668509,283.866916558,271.426907135,223.278853944,209.260612426,217.014446728,225.501932941,267.220620241,301.819812754,317.066416267,262.930068484,
972,118,1988,288.832204519,247.842182203,235.673057002,221.719386463,206.104752263,190.350223123,202.602666064,245.277459204,286.185537772,288.802932518,317.275269666,279.819415332,
973,118,1989,261.067612567,186.067435037,258.393704938,249.014571024,217.822114984,190.800852626,201.648040418,231.423638711,265.338676207,282.574169438,289.916914669,284.364739695,
974,118,1990,254.539757347,267.446184852,280.617127125,239.039403425,211.297644961,186.097227144,209.431206459,237.909278529,269.361624797,300.82456474,299.889201531,283.973649839,
975,118,1991,268.980411752,262.231978212,244.367836769,257.893206832,214.23061975,203.870548578,206.183607447,247.972872792,278.662494276,286.707495373,286.181216667,272.413798358,
976,118,1992,300.840295952,319.090814851,238.793014161,256.137397906,218.831102916,197.370783858,212.79111437,242.165268085,292.015119711,295.759313894,291.594326408,242.680017208,
977,118,1993,275.829263331,247.821975488,248.776757593,234.257380755,222.960844525,201.594355171,194.784652404,229.846933274,278.448702471,298.867920686,253.850916154,291.225539028,
978,118,1994,266.673897597,274.09054491,295.75513218,262.555061634,223.300957292,200.349259682,212.334510989,233.37112282,286.504682228,273.261690723,307.212033836,287.480714269,
979,118,1995,289.505659657,285.917364715,290.516638882,248.653244354,204.670424243,203.673012358,204.914954967,226.504946996,281.473681613,300.745112168,296.372645273,254.196259383,
980,118,1996,214.188404348,247.5705699,244.227649774,249.178978774,181.916521721,196.717885496,201.346558727,240.902788612,284.910606082,319.608626445,294.738444583,254.524225265,
981,118,1997,210.092315584,233.477009801,251.370416132,215.049040986,219.436256721,190.945712521,198.960791129,247.795647756,242.85843702,279.086420546,283.628472551,312.881841099,
982,118,1998,213.753705186,277.130971267,254.247833859,269.366357435,234.487441421,210.798102676,213.543225564,234.318579813,277.43571204,300.946232715,267.581535377,250.879761649,
983,118,1999,232.560268496,188.625484998,245.502674391,262.696835026,227.731583204,200.622312353,190.58163123,226.594953419,277.998690269,298.917902129,298.761187406,302.519353825,
984,118,2000,235.917388597,189.60199083,231.990360569,223.171689217,210.632354122,182.071603585,203.886452368,237.705370173,269.998473341,299.876908618,275.096965497,251.922800684,
985,118,2001,284.354584103,195.55512616,217.122374784,242.642381779,216.599461361,203.416626805,208.756755674,245.101628072,278.756735515,308.76822896,265.655351461,256.733365214,
986,118,2002,293.934095148,300.338831595,289.564402787,247.891289537,227.773201218,190.671219481,195.627566538,224.044306799,265.580863844,288.674494149,295.454101848,277.954968122,
987,118,2003,279.242338752,241.625819823,216.218327968,258.466267638,223.530155064,179.273996863,209.797803416,246.627555549,276.248437049,279.511561504,292.505667991,284.129368916,
988,118,2004,237.574940511,265.226221051,233.952181984,244.957053596,228.419375649,188.869524537,197.387869148,243.433124049,274.161137653,277.702472227,313.72681954,250.931535255,
989,118,2005,273.461417366,286.51989428,267.341777117,253.827458728,224.216155345,199.357051708,208.633693795,248.649513999,285.305266989,320.379654918,285.222548697,226.863578784,
990,83,1983,314.244283458,306.776836851,279.624268662,237.081942941,205.651135821,185.375396872,184.826596646,223.953304729,277.329947856,277.041562232,305.377621956,303.316069972,
991,83,1984,335.014858605,296.898855086,253.346973112,234.993203176,200.208535038,169.736289686,173.69009396,231.114590108,265.298140129,278.746706038,270.970310392,309.340128179,
992,83,1985,256.772991935,254.775426819,260.311120529,237.403145066,197.267993337,184.219398448,182.094344145,224.096080405,242.076728581,293.260839138,317.452640731,252.88021414,
993,83,1986,279.261455161,286.29898882,277.431855571,218.663542286,212.583621686,191.816723793,199.525322565,230.889175792,263.337181607,272.101563687,295.63167868,293.982682686,
994,83,1987,317.105571716,307.824484306,281.370831353,257.67982656,203.840851769,193.612039963,201.945539524,214.99189089,252.836073822,299.980854089,310.266026111,265.120490283,
995,83,1988,325.68366174,241.463550326,244.420406892,224.727904254,202.262752427,176.914262096,196.808004759,229.558195855,274.078830894,288.846342696,310.106351,280.698371861,
996,83,1989,289.274669722,231.486656008,282.959285416,231.697640565,208.377016186,169.370641911,195.664206321,221.005793505,272.814393317,285.520286758,293.312479992,308.855248444,
997,83,1990,272.572902632,289.414814047,271.457380548,224.899719612,202.12296369,180.524030758,192.926378201,225.624795691,268.828277002,298.839843461,312.954987912,303.159952637,
998,83,1991,287.007384031,273.968848488,250.122273965,262.085090043,209.323079274,183.139739543,197.353220658,232.938215821,264.539477582,290.96607361,299.512853878,287.952053214,
999,83,1992,314.663450539,328.727304329,247.455136731,251.850244621,216.407699889,191.784829924,199.463592497,231.619581898,276.910800688,280.793356515,287.17877458,281.072933989,
1000,83,1993,300.137767942,245.208148,270.874330091,234.776942168,206.942688166,185.447209518,174.82791852,220.975127599,266.646119066,292.648516681,251.024090533,295.021540006,
1001,83,1994,269.266162232,292.379180141,299.530224586,259.055172495,213.57349321,188.215391574,195.306371051,228.835555791,274.388304306,279.649358948,294.480618662,300.704290671,
1002,83,1995,320.320712659,302.503793296,275.892785563,232.267820635,175.927311134,186.136528621,192.23221362,214.737005444,261.439187756,284.434434934,287.71911845,275.987969346,
1003,83,1996,217.387216692,240.232993332,272.279784369,238.813265606,178.376999223,181.887853746,181.034777382,225.232710189,269.375205412,306.218976244,266.781307917,277.449976333,
1004,83,1997,240.125188873,257.002559519,233.990016543,222.369404089,210.466081194,187.91867571,184.63065346,236.487495653,240.30404677,277.428868632,297.425966015,314.596742239,
1005,83,1998,221.060753179,294.537527906,269.023224542,254.649291712,224.550095105,196.486809271,189.415132057,224.413094178,268.376412897,275.813930378,265.342174245,242.675038977,
1006,83,1999,262.716402794,239.136554795,256.559525375,245.4387539,211.128982482,188.012093881,173.979030508,220.904237585,267.35457449,293.992639149,280.552051685,284.963720492,
1007,83,2000,247.544346637,187.203884084,223.199202243,209.808981205,202.537351669,158.85266124,179.306932841,226.370733879,251.095080112,282.897754477,289.73851477,279.660510187,
1008,83,2001,333.123329817,199.07440148,211.42867201,226.899156544,205.202298481,185.579517633,189.195890748,233.451969297,254.132816802,295.179250376,248.282040873,264.803874769,
1009,83,2002,322.295278346,311.540634453,290.815133635,235.142589943,213.445054841,179.056501253,186.033319928,217.205610812,253.806676271,285.65609291,296.173874452,286.910607213,
1010,83,2003,307.401007499,274.753702221,251.71550713,255.91702156,208.46921303,158.487013465,195.696266131,233.051122108,267.155803669,273.957448338,299.25543949,297.320885508,
1011,83,2004,267.5118335,259.668386228,212.041790985,221.71300769,218.872322672,171.187563605,190.484257024,226.563092739,267.367126271,290.32487741,328.675167255,268.818320539,
1012,83,2005,296.807928548,311.912337653,255.797457718,233.949347711,208.505653684,183.17842372,193.389751977,227.225396639,277.935314065,316.235376874,271.151385261,222.411247783,
